Name,Email,Phone Number,Birthdate,Address,City,Country,ZIP Code,Job Title,Company,IP Address,Credit Card Number,Username,Website,SSN
Julia Edwards,danielmclaughlin@yahoo.com,833.815.5150,1993-05-02,"237 Anthony Locks
West Amyland, MD 28317",Richardsonhaven,Antigua and Barbuda,86728,Automotive engineer,"White, King and Strickland",192.168.94.113,2654645522873402,woodardchristopher,http://craig-washington.com/,345-16-1458
Jennifer Hale,gmccullough@yahoo.com,675.850.1275,1983-08-15,"12859 Byrd Courts
South Erin, MH 67600",Emilymouth,Vanuatu,55927,"Surveyor, insurance",Ross Inc,172.22.142.47,4251503877693,katherine88,https://www.baird-arnold.biz/,318-65-9228
Nicole Griffin,ruizderek@yahoo.com,(260)384-8946x31612,1943-04-07,"7547 Madison Forks
Lopezville, KS 56775",Brownburgh,Tokelau,26549,Hospital pharmacist,Henderson Ltd,10.11.73.127,4534134543057487,chavezsarah,https://campbell.com/,394-63-2967
Allison Stuart,ymontoya@hotmail.com,648.678.5393,1971-11-07,"273 Patrick Summit
West Ryanburgh, IL 63014",Timothyberg,Estonia,87700,IT sales professional,Arellano-Harris,172.20.46.95,2224792227544564,loriwhite,https://www.gonzalez.biz/,831-15-8223
Michael Cannon,tonya99@gmail.com,423-351-7702x110,1952-05-30,"06694 Juan Neck Suite 207
Ashleybury, MD 86106",Lake Nicole,Iceland,90305,Retail merchandiser,"Diaz, Jones and Dunlap",192.168.212.252,180091375715050,esosa,https://hebert.com/,148-93-0530
Jessica Escobar,deborah20@yahoo.com,(236)812-9511,1925-08-14,"21934 Samantha Shoal
North Matthewside, VA 40738",Kennethhaven,Saint Kitts and Nevis,17015,"Investment banker, operational","Davenport, Williams and Wilson",10.56.123.92,4968898705011,jamesbenitez,http://huff.com/,812-97-8459
Christopher Williams,heather19@gmail.com,(260)609-7400x7615,1987-01-13,"6577 Lewis Flat
Kathyshire, NC 08781",South Michael,Oman,88568,Medical technical officer,Griffin Inc,10.66.190.234,213195937872514,blake90,https://www.sellers-banks.com/,402-20-4377
Shelly Arnold,mdavis@hotmail.com,+1-850-625-3271,1968-07-08,"998 Alexander Plaza
North Kelly, VA 88962",Higginschester,Turkey,75819,Information systems manager,"Williamson, Miranda and Rodriguez",192.168.199.168,340911155311993,kaylee24,http://www.thompson.org/,327-49-7277
Sarah Gross,ariana16@yahoo.com,+1-709-203-6289x11436,2007-04-17,"70404 Thomas Corner
Josetown, DC 09419",Christopherberg,India,64835,Theatre stage manager,Mckinney Inc,10.97.236.115,3502798697881890,taylorpatricia,https://guzman-freeman.com/,429-65-4187
Benjamin Turner,eric48@gmail.com,455.790.8124x3138,1930-02-15,"323 Fox Curve
West Davidside, OR 66767",South Todd,Vietnam,95816,Information systems manager,"Escobar, Jones and Martinez",10.127.69.110,4884108084115,letiffany,https://www.mcclure.info/,560-39-0043
Richard Cook,burkebrittany@hotmail.com,(423)535-6228,1913-10-29,"7988 James Forges Suite 786
South Vincentport, SC 57662",South Amy,Taiwan,54504,"Engineer, automotive","Kennedy, Houston and Brooks",172.18.112.183,343861351207742,melaniewatkins,http://www.hernandez-herman.com/,547-88-5842
Courtney Stephenson,klevine@gmail.com,499.218.6791x1444,1918-06-07,"23431 Maria Point
Michellehaven, PR 17689",Rangelland,Colombia,16948,Visual merchandiser,Greene PLC,192.168.76.175,4790600423854770,danielfields,https://rodgers.org/,419-10-8786
Brenda Smith,jacksoncynthia@gmail.com,266.448.0125x535,2020-10-13,"10193 Bass Ramp
Wendyview, VA 65046",Lake Justinport,Armenia,37104,Chartered management accountant,Morris Inc,192.168.204.52,30317403035522,lhays,https://www.pacheco.org/,763-61-1512
Stephanie Mahoney,owenschristopher@gmail.com,(375)325-2203x51419,1941-12-07,"570 Martinez Court Suite 703
Lake Derekfort, MO 47007",Lake Matthewmouth,Venezuela,81867,Veterinary surgeon,Sullivan Inc,192.168.159.62,4568182511941726505,bakeraustin,https://www.ford-ortega.com/,651-39-7557
Jesse Parker,canderson@yahoo.com,001-871-352-9235x210,1994-03-24,"616 Anita Lock
Lake Nancyton, DE 40332",New Gary,Tonga,07148,"Teacher, primary school","Valdez, Valdez and Mann",10.181.23.196,378367552536168,crystalmarquez,https://nicholson.com/,652-70-4817
Charles Davis,bwilliams@gmail.com,001-719-921-0631x9932,1935-02-23,"852 Michael Station
East Ricardofort, CT 67258",Lake Courtneyburgh,Vanuatu,30206,Horticultural therapist,Williams-Brewer,172.29.241.90,30358354680619,mark84,https://roberts.biz/,114-05-9917
Sandra Davila,kimberlycarrillo@yahoo.com,677.257.9549x897,1956-01-09,"39301 John Ramp Apt. 629
Ralphview, KS 42506",East Alexisville,Bulgaria,91762,"Librarian, academic",Oconnell-Hart,172.20.110.178,4589507819164978776,frywilliam,http://hernandez-porter.com/,087-60-5786
Dana Garza,snyderlogan@yahoo.com,980.304.4012x9108,1976-01-14,"1644 Andrea Stream
East Amymouth, MD 92370",North Elizabeth,Macao,76993,Sports development officer,Clark LLC,10.73.250.231,5162029415383217,mary25,http://murray.com/,504-59-7798
Todd Bruce,saundersmariah@gmail.com,874-869-2867x4709,1927-12-26,"8281 Banks Brooks Apt. 694
West Timothy, AZ 56978",Henryton,Zambia,23689,Financial controller,"Kim, Jones and Evans",172.29.197.161,2259315060933468,qswanson,http://mckee.com/,609-33-3120
Deborah Wells,javier50@gmail.com,500.644.2896x4737,1960-09-23,"681 Martin Wall Suite 781
Michaelside, MN 62605",Hebertmouth,Iraq,53693,IT technical support officer,"Ross, Lee and Kelly",192.168.2.38,6011132497275706,nmartinez,http://www.cross-gilmore.com/,061-06-6031
George Coleman,ericrodriguez@gmail.com,802-660-7589,1980-06-16,"79688 Dalton Square
Lake Michaelport, HI 96378",Jeffreyburgh,Bulgaria,45729,Rural practice surveyor,Boyer-Cooper,10.190.120.181,374993976513972,douglasjohnson,http://boyd.biz/,077-38-7580
Jeffery Simpson,eanderson@yahoo.com,(624)511-1300x23564,1937-02-16,"6844 Teresa Circles
New Angelabury, RI 31925",West Dawn,Congo,63959,Dancer,Baker and Sons,172.24.170.243,2291406621306250,lloydwanda,http://french-ellis.net/,092-56-5645
Jeremy Martinez,eholland@gmail.com,+1-973-643-9162x3032,1941-07-30,"221 William Expressway
South Haleyshire, DE 54664",South Jessica,Romania,65884,"Physicist, medical","Harper, Huerta and Reyes",172.18.35.66,3574212673005154,markward,http://www.pierce.info/,792-16-9876
Kathryn Ali,randygonzalez@hotmail.com,+1-621-383-7077x8464,1921-10-30,"7657 Maynard Freeway
Michaelview, AK 08176",West Clayton,Norway,27075,Firefighter,"Hoover, White and Morales",10.205.142.224,3509521387697902,jerry47,https://www.murphy.com/,670-46-2738
Amber Bryant,charlesjohnson@yahoo.com,001-661-689-1827,1953-07-30,"67018 Emily Lock Suite 657
East Samanthafurt, AL 92196",South Jessicachester,South Georgia and the South Sandwich Islands,14246,Metallurgist,Hamilton Inc,10.87.196.150,372431948287187,palmerjessica,https://price.com/,643-74-5332
Summer Hill,nathan27@hotmail.com,976-336-5281,1911-08-05,"6622 John Ferry
Samanthamouth, PW 19241",East Lisa,Thailand,54489,"Engineer, civil (consulting)",Stewart Group,192.168.50.202,3557819964068104,roy78,https://www.king.com/,897-25-8700
Amanda Terry,kellymckee@yahoo.com,714-337-3800,1984-07-21,"8343 Mitchell Rapid Suite 253
New Danielhaven, NM 27487",Port Tiffanyton,Bahrain,61244,"Geologist, engineering","White, Pollard and Lee",192.168.70.38,180012527407263,sbeasley,http://www.buchanan.org/,091-58-9337
Joshua Dixon,oanderson@hotmail.com,713.802.3395x8489,1956-06-21,"1046 Coleman Fork
New Teresa, VT 51068",New Sharon,Mozambique,40222,Architectural technologist,"Lopez, Allen and Cobb",192.168.175.22,3577198868635987,christopherhall,http://curry-jackson.com/,519-33-0509
Peter Mosley,aliciasmith@yahoo.com,229-853-2603,2002-02-02,"22362 Frye Brook
North Diana, PW 31972",New Lindseyville,Lao People's Democratic Republic,36606,Patent attorney,"Mason, Allen and Johnston",172.26.47.145,4918280155707453967,hraymond,http://www.gregory.com/,842-79-6615
Abigail Williams,kimberly93@hotmail.com,923-893-0005,2010-04-28,"PSC 4502, Box 7037
APO AE 98269",Lake Shannonmouth,Saint Martin,57496,Estate manager/land agent,Spencer LLC,192.168.16.213,4541127449601870,jose18,http://www.snyder-morris.org/,395-54-9174
Thomas Jackson,brad26@gmail.com,734-466-7625x2875,1997-09-01,"324 Knight Parks Suite 910
South Robert, OH 97630",West Alejandro,Serbia,16558,"Teacher, music",Collins and Sons,172.20.48.107,3536078022443199,xmorales,https://www.baker.org/,069-83-0042
Kathryn Beck,rhonda26@yahoo.com,723-634-2640,1909-10-31,"688 Fuentes Light Suite 026
Lake Heatherchester, MT 26329",South Jill,Tonga,97527,"Engineer, communications","Gillespie, Wyatt and Wallace",10.46.5.132,180029039853958,hperry,http://merritt.com/,749-40-2441
Kelly Carter PhD,christinerobbins@yahoo.com,(833)836-6892x269,1928-05-28,"02311 Moore Mountain
New Isaiah, VT 31019",West Raventown,Belize,43768,"Psychologist, clinical",Carter-Walsh,192.168.142.185,6011700131790809,ogreen,https://www.houston.com/,390-35-0344
Steve Rodriguez,jjohnson@hotmail.com,3599016430,1980-07-13,"8044 Dixon Village
West Jared, WY 43050",Floresstad,Pakistan,59851,Trade mark attorney,"Mcdonald, Clark and Campbell",172.23.135.244,4581000720555954302,torressylvia,http://www.luna.com/,194-22-8079
Kimberly Hampton,stevenmills@gmail.com,001-438-239-0094x94794,1910-08-11,"78172 Baker Park Apt. 957
New Chelseaview, SC 33470",Thomasmouth,Benin,33105,Agricultural engineer,Edwards-Sanford,10.135.32.116,4150515671591490,nicholas18,https://barry-ruiz.info/,610-42-2436
Kim Jensen,john77@hotmail.com,001-907-486-7139x3519,1922-10-21,"653 Joshua Knolls
Markbury, WA 35139",Lake Davidside,Brazil,38993,"Social research officer, government",Burton-Rodriguez,192.168.134.32,4233400128686527,nancytaylor,https://romero-dawson.com/,880-58-9180
William Kaufman,heidi75@gmail.com,+1-811-711-8086x75256,2012-11-06,"4848 Simmons Rue
New Bradleyport, MI 05873",Whitneybury,Netherlands,15927,Veterinary surgeon,"Diaz, Flores and Harris",172.16.76.184,180007193968762,denise05,https://lindsey.com/,429-22-9694
Kimberly Lozano,lisahinton@yahoo.com,(803)657-1885x75028,1921-01-08,"94907 Miller Centers Apt. 829
West Tinafort, FL 40899",Rossstad,Singapore,91249,Telecommunications researcher,Kaufman-Mahoney,10.38.110.220,4605152439002395,webstermichele,http://harris.com/,312-50-6793
Russell Barrett,rdawson@yahoo.com,819-731-8736,1929-02-14,"2365 Lopez Plaza Apt. 213
Taylormouth, NV 87047",North Veronicashire,Belarus,95214,Data processing manager,Patton-Fowler,10.248.173.210,30092326563492,adamcarson,https://smith-mckinney.org/,151-73-7122
Amanda Taylor,gonzalesalicia@gmail.com,442-682-3520x31742,1988-01-29,"91545 Austin Prairie Apt. 371
Loritown, PR 99412",Bernardview,Cambodia,86749,IT technical support officer,"Andrade, Ward and Thomas",10.116.38.162,36078267176323,carol37,http://www.pena.net/,425-66-5347
Gina Murray,tamithomas@yahoo.com,908-948-1720,1988-09-10,"0398 Eric Stream Apt. 159
Monicaview, DC 05435",Port Brian,Dominica,39108,Youth worker,Moody-Hall,10.99.163.255,36553066308855,mclark,http://www.rice.info/,348-99-1270
Autumn Johnson,chad64@yahoo.com,+1-727-384-7845x65478,1926-08-25,"7696 Walker Falls Suite 976
Port Melissastad, ME 93661",East Anthony,Suriname,14275,Tree surgeon,Mullins-Thomas,10.126.172.148,4207983263412710,cathy67,https://brown.com/,628-96-2315
Julia Porter,tfritz@gmail.com,(757)389-9808x3377,1933-09-19,"USNS Fitzgerald
FPO AE 03049",Stevensmouth,Congo,67072,Patent attorney,Graves LLC,10.33.170.38,4820534135341511414,cynthia70,http://www.clark-rowe.biz/,038-66-8955
Joseph Johnson,muellerwilliam@hotmail.com,926-440-7492x6702,1978-11-30,"PSC 5552, Box 3815
APO AE 62947",South Jessica,Iraq,53911,"Engineer, automotive",Coleman Group,172.16.214.23,4682381578038474,allenjustin,https://robinson.com/,735-03-2310
Leslie Navarro,webbmaria@yahoo.com,+1-805-265-3986,1947-12-20,"395 Kayla Stream Apt. 427
South Jonathan, NE 06734",Mooremouth,Bermuda,22424,Sports therapist,Gomez Group,10.159.69.39,6011024030264604,josephwalker,http://freeman-barajas.biz/,281-62-2456
Jill Robinson,vincent76@hotmail.com,001-596-824-7755,1916-11-23,"316 Sharp Forks
West Frank, NV 47967",East Jo,Suriname,18815,"Teacher, special educational needs",Valenzuela Inc,10.186.25.179,370427985039368,fdiaz,http://www.wang.com/,510-95-3152
Julia Roth,zlopez@yahoo.com,+1-361-976-4622x419,1968-10-07,"5823 Mark Flat Suite 818
Griffithchester, SD 50285",West Catherine,Bulgaria,01436,Glass blower/designer,Harper-Jackson,172.22.116.133,676224729290,tyler37,http://medina.com/,064-74-0313
Gabriel Bond,sarahdalton@yahoo.com,(601)508-0945x408,1972-04-18,"230 Pope Land
Sherryborough, MA 83449",Haleyland,Bahamas,83705,"Surveyor, building",Craig-Daniel,172.19.62.164,561830054780,tadams,http://johnson.info/,182-03-0266
Amy Porter,lfigueroa@hotmail.com,(362)572-9765x77288,1966-02-07,"132 Yvonne Rest
West Holly, OR 89384",Stephensberg,Saint Martin,89487,Occupational hygienist,"Rodriguez, Kemp and Delgado",172.20.160.36,3570450586280670,wcalhoun,http://www.kelley.com/,523-93-5572
Denise Johnson,dereksnyder@gmail.com,308.470.4236,1972-09-06,"722 Williams Harbor
Lindashire, MT 28757",Sullivanberg,Mauritius,86698,Economist,"Gomez, May and Richardson",10.99.187.128,4102168024612867,reillykent,http://www.edwards.com/,127-38-4930
Jacob Bass,wardcourtney@yahoo.com,001-446-909-0306,1979-10-27,"2050 Nguyen Well
New Chad, PR 08451",Port Kevinfurt,Mauritius,79578,Surgeon,"Simpson, Todd and Shepherd",192.168.154.126,4665949056482082,charles63,http://www.taylor-roberts.info/,739-01-7870
Elizabeth Rogers,snyderpatricia@yahoo.com,(344)841-3809x664,1951-11-29,"5825 Cook Pike Suite 295
North Douglas, AL 87881",Fitzpatrickchester,Pakistan,51396,Naval architect,Smith Inc,172.23.166.4,4085266174983,justincampbell,http://www.davis-turner.com/,103-13-6464
Gerald Howell,imitchell@yahoo.com,513-287-0475x7011,1927-03-10,"2128 Jackson Station Apt. 483
North Christine, OH 63813",Amandatown,Mexico,49854,Geophysical data processor,Brandt Ltd,172.20.239.186,6011185521820137,srogers,http://www.price.com/,656-29-7730
Adam Zuniga,taylorzachary@gmail.com,+1-389-748-0076x41716,2018-05-26,"879 Malik Row Suite 810
Dorseystad, CA 31060",South Mitchell,United States Virgin Islands,08557,Broadcast engineer,"Porter, Tyler and Brown",10.194.233.221,4037926133100026846,westelizabeth,https://richardson-gonzalez.com/,461-57-8513
Brent Garcia,lindsay20@gmail.com,774.647.0160x57380,1945-01-07,"9926 Webb Flats Apt. 931
Lake Crystal, MI 38855",Edwardbury,Guadeloupe,82800,"Restaurant manager, fast food","Frank, Hughes and Edwards",10.29.146.121,3539745755841032,kathleen15,https://anderson.com/,613-63-3769
Lindsey West,debrapatel@gmail.com,001-949-724-1773,1999-06-07,"8633 James Trail Suite 417
West Tracitown, VA 47704",Thomasville,Kazakhstan,61131,Technical brewer,Thompson-Mitchell,10.75.233.62,4209808290904769,karen17,http://byrd.com/,213-79-0156
James Mejia,shellybarnes@yahoo.com,9683384777,1919-08-21,"0742 Roberts Road Suite 404
Kevinmouth, GU 37949",Markborough,Ukraine,35866,Web designer,"Perkins, Gonzalez and Brown",172.19.56.84,4385838442972337,ejohnston,http://www.jones.com/,401-37-0273
Adam Mcneil,brandongarza@yahoo.com,+1-726-600-0512x785,1953-11-09,"69995 Robinson Shore Apt. 926
Websterhaven, NV 60278",West Williamhaven,Christmas Island,71986,Marine scientist,"Houston, Alvarado and Shaw",10.176.126.112,4766824844060848386,phillip05,http://noble.com/,481-22-2554
Allison Hall,williamsimpson@hotmail.com,916-229-3367x230,2012-09-21,"6178 Stanley Common Apt. 567
North Norman, MA 01762",Jeffreystad,Montserrat,99640,"Teacher, music",Roth Ltd,10.152.163.242,585086307352,hflores,https://www.hull.com/,104-77-6953
Thomas Scott,paul23@gmail.com,285.957.2466,1924-10-06,"4743 Thomas Plain Apt. 438
Johnland, CT 74911",Maxwellfurt,Solomon Islands,98651,"Programmer, systems",Miller and Sons,10.109.220.46,4057638848800,berglauren,http://www.mata-castillo.org/,653-79-2794
Charles Austin,xwilliams@yahoo.com,001-690-436-4550x5070,2007-08-07,"1734 Sherry Hollow
Jamesfort, RI 80609",Jenniferville,Hungary,81761,Tree surgeon,"Brown, Chambers and Smith",192.168.126.197,676237011140,barbararobertson,https://www.anderson-ali.com/,612-36-6788
Jill Callahan,darrylpeterson@hotmail.com,001-275-753-8254x70058,2001-07-01,"42160 Clayton Row Suite 405
Pereztown, CT 27004",West Jodimouth,Canada,97498,"Administrator, local government",Smith and Sons,10.194.164.244,3512579579708932,kingtara,http://www.wells-burnett.info/,006-21-0188
Ronald Briggs,gblack@yahoo.com,001-993-642-2492x218,1959-12-27,"USCGC Graves
FPO AP 16828",Lake Sharon,Mauritius,69418,Horticultural therapist,"Jones, Terry and Bowers",192.168.201.188,4034536268235939,pearsonmegan,http://www.sanders.com/,817-49-6563
Carrie Reynolds,herringanthony@yahoo.com,001-426-504-1385x085,1948-04-21,"PSC 1694, Box 0192
APO AP 60884",Marissabury,El Salvador,02058,Fashion designer,Willis LLC,10.113.176.25,501803819546,thompsontyler,https://brown.com/,098-33-4937
Daniel Brooks,uharvey@gmail.com,300-771-1567x8200,2003-02-24,"2858 Stanley Ports Apt. 947
Crosbyton, KY 19817",North John,Svalbard & Jan Mayen Islands,67982,Further education lecturer,Matthews-Gomez,192.168.114.206,371717306272725,ravengarcia,https://www.armstrong.org/,149-34-6854
Shelley Mills,laurenbradshaw@gmail.com,308.412.1771x5170,2010-04-05,"397 Brittany Mission
Samanthamouth, PW 12934",Lake Sandra,Bahrain,03150,Analytical chemist,Powers-Owens,172.22.32.119,213120697694445,cking,http://www.hamilton.org/,693-02-4006
Xavier Long PhD,ericjackson@gmail.com,667-595-9056x19049,1945-10-28,"90751 Kevin Hill
Barberburgh, AS 09135",Lake Madisonmouth,Dominica,20752,"Editor, film/video","Sanchez, Holt and Medina",172.27.147.195,377697634396848,rebeccaroberts,https://davis.info/,297-35-5086
Lauren Lara,haleyfuller@hotmail.com,7114873728,1927-11-10,"030 Elizabeth Valleys Apt. 277
Dustinmouth, GA 01899",East Sandra,Russian Federation,40618,Museum/gallery conservator,Prince-Turner,172.24.86.59,3531900634907573,adamgutierrez,https://www.ochoa-morgan.com/,270-65-7248
Wanda Parks,qrodriguez@yahoo.com,6276298883,1933-11-16,"USCGC Ruiz
FPO AE 21321",Floresport,Zambia,17555,Chief of Staff,Mullen-Murillo,172.27.229.114,349971981764584,cameron70,https://chang-allen.biz/,849-56-4061
Roger Cruz,josephrosario@yahoo.com,338-383-8694x6635,1977-10-27,"PSC 4246, Box 0393
APO AP 60688",East Brandy,Saint Martin,43436,"Editor, film/video","Schroeder, Walker and Kelly",172.30.110.87,6011680682769230,nancyreed,https://scott.com/,170-57-8317
Daniel Estrada,parsonscassandra@hotmail.com,766-624-3786x614,1925-04-22,"781 Oconnor Summit Apt. 737
Douglasbury, VA 25936",Owenmouth,Japan,87930,Video editor,Johnson-James,172.28.55.211,4247862489823,klong,https://www.hall.com/,002-11-4521
Leslie Goodman,hansonjeremy@hotmail.com,7699816622,1942-01-05,"210 Brandon Mill
New Courtney, PA 78090",Port Craig,Chad,49291,Medical sales representative,Grant Group,172.16.23.158,4191545814504,vanessa11,http://www.huerta-carter.com/,727-57-5996
Briana Erickson,oandrews@gmail.com,422-341-4426x239,2009-01-24,"9690 Megan Street
Hardingshire, GA 59776",West Amber,Rwanda,27026,Associate Professor,Hines-Stephenson,192.168.89.66,2275146401397588,leah68,https://www.flores-lewis.org/,214-20-5594
Kaylee Garcia,dthomas@hotmail.com,+1-377-287-3748x61589,1927-06-13,"08581 Pena Terrace
Hutchinsonstad, NC 59129",Kennethburgh,Zimbabwe,41715,Research scientist (medical),Williams-Chandler,10.133.76.234,6576286657370199,xchurch,https://www.mejia-jennings.com/,563-44-8435
Fernando Medina,jonesrichard@hotmail.com,795.266.4207x3498,1909-01-21,"232 Graham Branch
Brandonfurt, WV 97905",Lindseybury,United States Virgin Islands,56916,"Civil engineer, contracting",Nelson-Christian,192.168.38.13,4731424114707193,lauraflores,https://www.wood.org/,461-08-6063
Maria Stone,zcameron@yahoo.com,+1-372-346-1602x51221,1942-01-11,"63873 Dana Plain Apt. 641
Bateston, KS 12321",West Christopherland,Namibia,83212,Commercial/residential surveyor,Gardner-Rogers,172.30.164.172,3513131247196998,holmescandice,http://becker-norman.net/,106-77-0679
Angelica Crawford MD,yhayden@hotmail.com,5755891050,1933-03-02,"155 Jensen Mission Suite 169
Brownview, AK 64818",Josephberg,Turks and Caicos Islands,18249,Estate agent,"Kim, Zuniga and Mann",192.168.28.62,639057642683,tolson,http://www.gordon-fields.com/,828-56-6849
Daniel Meyer,amanda88@yahoo.com,+1-848-484-1842,2018-08-08,"5139 Hooper Harbors Apt. 560
Port Scottburgh, AS 82387",East Caroline,Russian Federation,87508,Television production assistant,"Mills, Henderson and Green",10.216.181.180,6011595849943587,ostanley,http://neal.com/,323-44-5068
Edward Bradley,amanda94@hotmail.com,238-808-2809x012,1909-03-27,"USS Robinson
FPO AA 14940",Jacobborough,Nepal,36678,Commercial horticulturist,"West, Wright and Clark",172.17.89.226,342702764649172,miguelhudson,http://www.solomon-johnson.biz/,448-14-5176
William Howard,cody63@hotmail.com,812-276-3098x347,2012-12-18,"36237 Wallace Row
Lake Rodneymouth, HI 41023",Duffyside,Trinidad and Tobago,14336,Estate agent,"Frazier, Smith and Morris",192.168.141.241,4373078961705537,ortizallen,https://www.benjamin-evans.com/,555-06-0462
Kevin Smith,jaytownsend@hotmail.com,395.529.8686x6443,2016-10-29,"Unit 6285 Box 5338
DPO AA 17714",Grahamtown,Bouvet Island (Bouvetoya),95893,Sports therapist,"Nielsen, Cervantes and Grimes",172.24.182.241,348331722288834,andreamaynard,http://www.fisher.com/,747-83-4264
Courtney Becker,traceygarrett@yahoo.com,(691)969-1138x854,1949-06-19,"811 Harper Ridges Suite 245
Port Jerry, DC 53306",Cheyenneland,Nicaragua,93511,Homeopath,Jackson Inc,192.168.109.191,4187381191679985,claudiawiley,http://www.mejia.com/,787-41-0189
Patrick Huang,vabbott@gmail.com,(950)542-2401,1990-10-14,"Unit 2257 Box 9025
DPO AP 10445",Wintershaven,Somalia,01354,Adult nurse,"Gutierrez, King and Potter",172.28.139.229,3563098747384789,gfitzpatrick,http://www.bowman.biz/,716-70-8028
Karen Foster,jennifermorales@yahoo.com,001-875-375-0852x0717,1976-06-30,"PSC 6933, Box 1346
APO AE 25421",Greenmouth,Mauritania,87338,"Engineer, mining",Yates-Nelson,10.219.31.72,4899118209558077,erin26,https://www.gallagher.net/,352-49-0162
Patrick Anderson,benjamin44@yahoo.com,972.519.0061x0276,2023-05-15,"980 Ann Wall
Juanside, GU 18127",Villaberg,Kiribati,98401,Charity officer,Brennan Group,172.23.209.90,568525184384,marcmitchell,http://www.joseph-wilson.info/,012-77-3990
Kevin Clark,owalker@gmail.com,001-847-967-4447x476,1951-08-15,"5208 Wright Throughway
New Gabrielmouth, VT 15952",Jennifermouth,Nepal,40694,Private music teacher,Hart LLC,172.24.244.205,4615390861503997,erik09,https://jenkins.com/,657-54-5802
Kayla Stewart,suzanne91@yahoo.com,6239260614,2000-08-17,"0754 Ali Crossing Suite 351
Lake Johnmouth, VT 55372",East Jason,Saint Pierre and Miquelon,37310,"Teacher, special educational needs",Walker Inc,10.102.84.30,5173222165485574,bethfry,https://www.contreras.com/,204-04-5949
Alex Fisher,amber36@hotmail.com,(428)537-9040,1936-03-05,"7385 James Shores
Frankbury, NJ 52980",South Sarahstad,Norfolk Island,55849,Archivist,"Ortega, Martinez and Rodriguez",192.168.139.120,2720549053153657,robert12,https://www.brewer.com/,796-82-0558
Dennis Martin,fjones@gmail.com,918.704.5716,1990-06-23,"25543 Christopher Plains
Robinsonton, WI 50770",East Alexander,Bulgaria,03297,Health and safety inspector,Barajas-Edwards,192.168.119.121,345314827248302,monica05,https://www.nolan-garcia.com/,520-55-4164
Cheyenne Ray MD,danieltammy@yahoo.com,526.258.2848x045,1953-12-06,"455 Wendy Estate
West Krista, SC 23235",Weaverton,Saint Kitts and Nevis,21098,"Development worker, community","Campbell, Castillo and Cisneros",10.9.46.8,2545959317741457,bwilson,http://www.simmons.com/,699-05-8654
Abigail Robinson,dunnlisa@hotmail.com,(400)859-3891,1991-03-03,"34454 Lauren Harbors Suite 442
Pereztown, MO 32860",Justinchester,Senegal,25792,Retail merchandiser,Delacruz PLC,172.17.225.35,3561461629244798,vegakaitlyn,http://www.johnston.com/,681-82-6092
Andrea Lee MD,iclark@yahoo.com,001-530-548-9292x044,1956-06-05,"6713 Mitchell Dam Apt. 451
Woodview, MI 89533",Hunthaven,Qatar,63236,Ceramics designer,"Reeves, Cisneros and Meyer",172.22.36.237,3567364298888784,ramirezsamantha,http://www.foster.biz/,489-25-9419
Christopher Richards,taylorlisa@yahoo.com,+1-659-742-6910,1946-03-14,"36637 Lewis Unions
Staceymouth, UT 57388",Petersonmouth,Malaysia,63937,Geophysical data processor,Hester Ltd,10.12.102.127,30076141646582,shirleyallen,http://www.hicks.info/,144-08-9974
John Callahan,tiffanymyers@hotmail.com,335.467.4959x2778,1991-10-24,"51034 Luke Locks
Romeromouth, NC 60627",New Andrea,United Kingdom,15258,TEFL teacher,Booth-Sosa,192.168.246.161,4063980351506166,thompsoncassandra,https://www.tyler.info/,510-01-7278
Whitney Perez,williamsbrianna@hotmail.com,(820)994-7804x012,2007-06-01,"164 Jeff Course
Stephenborough, RI 94422",Taylorstad,Northern Mariana Islands,18271,Fish farm manager,Scott-Rosales,192.168.3.41,2460235330654998,monroerichard,http://www.preston.net/,317-82-0371
Kimberly Campbell,zbenson@yahoo.com,(465)615-9689x955,1998-02-12,"1024 Heather Spring Apt. 855
South Monica, AZ 66985",Lake Andreaberg,Angola,27848,Financial manager,Rivera-Joseph,172.25.190.179,180095351583937,stephaniemorales,https://www.owen.net/,272-37-9323
Jeffrey Warner,garzaana@gmail.com,+1-320-495-5746x3275,1944-05-11,"0496 Chapman Fields
Jenniferport, KY 67682",Nicholasmouth,Haiti,40401,Chartered loss adjuster,"Hutchinson, Vargas and Fowler",172.30.161.89,347694477995445,abigailwright,http://clark-powell.info/,693-86-0318
Matthew Simmons MD,patrickingram@hotmail.com,7637887255,1927-06-12,"8854 Christine Mews
Johnnyside, VA 13544",North Tiffany,El Salvador,72067,Further education lecturer,York Ltd,172.20.2.247,4798543305551993,ortizheidi,https://www.brown-tran.com/,562-84-7521
Jean Curry,gbowman@yahoo.com,001-200-883-8547x11758,1995-09-30,"144 Melissa Row
West Sandychester, RI 57251",Hillfort,Holy See (Vatican City State),03805,Armed forces training and education officer,Cook LLC,172.30.15.245,180097126953114,jacobharding,https://peterson.com/,172-18-7721
Emily Frey,lpadilla@yahoo.com,732-232-4133x52229,1929-03-04,"77410 Brennan Pass Apt. 435
Brendachester, CT 42963",Scottbury,Slovakia (Slovak Republic),57148,Health and safety adviser,Lopez-Stewart,10.230.248.102,30399230274052,laurenconway,https://adams.com/,524-48-1532
